{
    "Buruk": {
        "precision": 0.7023809523809523,
        "recall": 0.6555555555555556,
        "f1-score": 0.6781609195402298,
        "support": 90.0
    },
    "Baik": {
        "precision": 0.7256637168141593,
        "recall": 0.7663551401869159,
        "f1-score": 0.7454545454545455,
        "support": 107.0
    },
    "accuracy": 0.7157360406091371,
    "macro avg": {
        "precision": 0.7140223345975558,
        "recall": 0.7109553478712357,
        "f1-score": 0.7118077324973877,
        "support": 197.0
    },
    "weighted avg": {
        "precision": 0.7150269208802068,
        "recall": 0.7157360406091371,
        "f1-score": 0.714711264579985,
        "support": 197.0
    }
}