{
    "setosa": {
        "precision": 1.0,
        "recall": 1.0,
        "f1-score": 1.0,
        "support": 9.0
    },
    "versicolor": {
        "precision": 1.0,
        "recall": 0.9,
        "f1-score": 0.9473684210526315,
        "support": 10.0
    },
    "virginica": {
        "precision": 0.9090909090909091,
        "recall": 1.0,
        "f1-score": 0.9523809523809523,
        "support": 10.0
    },
    "accuracy": 0.9655172413793104,
    "macro avg": {
        "precision": 0.9696969696969697,
        "recall": 0.9666666666666667,
        "f1-score": 0.9665831244778612,
        "support": 29.0
    },
    "weighted avg": {
        "precision": 0.9686520376175548,
        "recall": 0.9655172413793104,
        "f1-score": 0.9654308184253738,
        "support": 29.0
    }
}